admin_reference,completed_at
O323730679,2020-11-27 08:31
O213028237,2020-10-16 11:54
O529573550,2020-10-07 14:03
O809918075,2020-09-29 21:21
O112796258,2020-09-25 17:53
O855984516,2020-09-24 19:15
O865611396,2020-09-23 14:48
O204370715,2020-09-22 18:17
O480045314,2020-09-22 16:38
O906785712,2020-09-22 16:18
O550513439,2020-09-22 14:57
O953262963,2020-09-22 08:07
O601774044,2020-09-21 20:58
O680841470,2020-09-21 15:12
O702234561,2020-09-21 13:17
O140695334,2020-09-21 12:56
O782437007,2020-09-21 09:58
O330847396,2020-09-20 20:16
O915386207,2020-09-20 14:01
O689942189,2020-09-20 13:23
O054332226,2020-09-19 21:57
O716260066,2020-09-19 14:48
O851011672,2020-09-18 16:54
O570961204,2020-09-18 15:31
O066982033,2020-09-18 11:12
O456966715,2020-09-18 10:53
O977722750,2020-09-17 20:20
O702381626,2020-09-17 19:42
O445324470,2020-09-17 19:11
O101548451,2020-09-17 12:10
O617704888,2020-09-17 11:07
O160503961,2020-09-16 22:40
O693006637,2020-09-16 20:52
O253319270,2020-09-16 19:22
O063082081,2020-09-16 18:13
O197452998,2020-09-16 15:45
O653864210,2020-09-16 10:09
O581742762,2020-09-15 22:22
O590132483,2020-09-15 17:05
O392819225,2020-09-15 16:58
O438546497,2020-09-15 15:48
O732519487,2020-09-15 13:30
O621745297,2020-09-15 11:46
O876503535,2020-09-15 10:23
O869160042,2020-09-14 10:24
O650614069,2020-09-14 09:49
O725981543,2020-09-14 07:23
O297394177,2020-09-11 20:18
O520958011,2020-09-11 18:52
O982024535,2020-09-11 13:42
O861104348,2020-09-11 13:06
O146158153,2020-09-11 11:17
O217244968,2020-09-11 06:42
O356097538,2020-09-11 01:11
O948619001,2020-09-10 18:55
O637727985,2020-09-10 14:45
O800916440,2020-09-10 14:42
O314699365,2020-09-10 08:36
O438100056,2020-09-09 17:38
O111951424,2020-09-09 16:36
O037781907,2020-09-09 10:51
O675756403,2020-09-09 10:46
O796141591,2020-09-09 09:41
O971685536,2020-09-09 09:20
O281359757,2020-09-08 20:15
O123329988,2020-09-08 19:34
O330956722,2020-09-08 16:13
O593933444,2020-09-08 16:01
O804684117,2020-09-08 15:27
O520454739,2020-09-07 21:36
O150604826,2020-09-07 17:05
O308810013,2020-09-07 16:47
O375897052,2020-09-07 11:55
O213269467,2020-09-07 08:27
O132437183,2020-09-06 21:45
O077728679,2020-09-06 20:00
O110891718,2020-09-06 13:13
O354079597,2020-09-05 20:59
O492368944,2020-09-04 18:23
O008549674,2020-09-04 17:50
O505124884,2020-09-04 16:43
O624563772,2020-09-04 15:22
O372023696,2020-09-04 12:40
O554593383,2020-09-04 09:16
O370443501,2020-09-04 07:51
O250052709,2020-09-03 18:13
O532898637,2020-09-03 17:25
O517036276,2020-09-03 16:59
O962104193,2020-09-03 06:50
O517201540,2020-09-02 20:09
O753787386,2020-09-02 17:18
O593212452,2020-09-02 12:16
O349536331,2020-09-02 10:25
O977238934,2020-09-01 23:38
O138198964,2020-09-01 18:44
O147331533,2020-09-01 17:33
O496788861,2020-09-01 16:32
O245284795,2020-09-01 13:38
O868836384,2020-08-31 20:18
O236200776,2020-08-31 20:06
O886854366,2020-08-31 17:24
O095581013,2020-08-30 19:44
O405401908,2020-08-29 13:41
O035935467,2020-08-28 17:52
O254401663,2020-08-27 22:26
O286063984,2020-08-27 20:48
O335819580,2020-08-27 16:14
O458618227,2020-08-27 10:51
O840873732,2020-08-26 23:41
O091228376,2020-08-26 17:50
O108550982,2020-08-26 16:57
O619496550,2020-08-26 14:29
O565018198,2020-08-26 11:57
O644214778,2020-08-25 19:43
O406890803,2020-08-25 19:16
O090559571,2020-08-25 18:36
O607417195,2020-08-25 16:05
O373998334,2020-08-25 12:32
O930058386,2020-08-25 11:46
O986388531,2020-08-25 10:12
O896922543,2020-08-25 01:23
O504169071,2020-08-24 16:43
O442424817,2020-08-24 10:50
O685976654,2020-08-23 14:24
O030348089,2020-08-23 07:39
O556056445,2020-08-22 18:01
O177109181,2020-08-21 12:51
O745983810,2020-08-20 14:12
O725615888,2020-08-20 10:06
O951189861,2020-08-19 23:38
O400172022,2020-08-19 18:34
O179181184,2020-08-19 11:38
O212207587,2020-08-19 08:00
O905684196,2020-08-18 21:09
O054516678,2020-08-18 15:37
O769436414,2020-08-17 23:44
O757670086,2020-08-17 19:00
O345664500,2020-08-17 17:04
O635554090,2020-08-17 13:57
O936072843,2020-08-17 10:53
O259666497,2020-08-16 18:22
O972971154,2020-08-16 15:26
O236664568,2020-08-15 07:39
O071591015,2020-08-14 18:22
O465847552,2020-08-14 17:02
O116848907,2020-08-14 10:17
O709872182,2020-08-14 09:33
O738853177,2020-08-13 14:51
O090130810,2020-08-12 18:01
O908619990,2020-08-12 10:54
O550455248,2020-08-11 20:18
O237785206,2020-08-11 17:17
O470445160,2020-08-11 16:59
O136914967,2020-08-11 09:58
O668191924,2020-08-11 08:10
O413294723,2020-08-10 21:37
O155091448,2020-08-10 19:29
O175755348,2020-08-10 17:54
O852946247,2020-08-10 17:31
O306540246,2020-08-10 16:39
O237900358,2020-08-10 16:12
O535718242,2020-08-10 14:50
O641407657,2020-08-10 12:58
O386674577,2020-08-10 10:32
O793208140,2020-08-10 09:30
O828895306,2020-08-09 21:50
O921344248,2020-08-09 13:22
O048043876,2020-08-07 21:21
O074206427,2020-08-06 22:57
O522140195,2020-08-06 18:18
O353381890,2020-08-06 15:04
O385160547,2020-08-06 14:07
O501157254,2020-08-06 12:17
O631210147,2020-08-06 12:11
O479091978,2020-08-06 11:03
O628687814,2020-08-06 11:02
O909381598,2020-08-06 10:48
O642866203,2020-08-06 10:42
O007412611,2020-08-05 10:18
O257267552,2020-08-04 21:07
O524641860,2020-08-04 20:11
O750341697,2020-08-01 18:48
O128051994,2020-07-31 22:41
O065951857,2020-07-31 18:27
O182434253,2020-07-30 16:18
O729235460,2020-07-30 15:48
O349339980,2020-07-30 14:07
O003651261,2020-07-29 20:40
O434216395,2020-07-29 19:16
O196937163,2020-07-29 18:12
O925462490,2020-07-29 16:31
O846912789,2020-07-29 16:16
O085371347,2020-07-28 14:14
O658507123,2020-07-27 10:33
O218822825,2020-07-27 08:04
O217759464,2020-07-26 20:00
O805923907,2020-07-26 16:26
O137964866,2020-07-26 13:51
O618083380,2020-07-26 11:19
O148451185,2020-07-26 05:03
O787792306,2020-07-25 16:41
O561907915,2020-07-25 09:33
O023508000,2020-07-24 16:29
O092670515,2020-07-23 20:46
O611590525,2020-07-23 18:44
O917805614,2020-07-23 14:04
O531036513,2020-07-22 18:34
O873281448,2020-07-22 15:39
O285059043,2020-07-21 17:39
O025939870,2020-07-21 13:21
O914591083,2020-07-21 09:58
O880187253,2020-07-21 00:40
O141521804,2020-07-20 20:51
O110789918,2020-07-20 20:23
O296003708,2020-07-20 18:58
O431218797,2020-07-20 18:06
O110039213,2020-07-20 16:26
O618286185,2020-07-20 15:34
O051033828,2020-07-20 09:32
O883900491,2020-07-20 04:11
O576957996,2020-07-18 20:50
O650713856,2020-07-18 17:40
O984257272,2020-07-18 13:37
O264566892,2020-07-17 14:44
O553851632,2020-07-16 21:56
O492675957,2020-07-16 13:28
O607283357,2020-07-15 13:36
O593786668,2020-07-15 12:35
O428132378,2020-07-15 11:02
O971188344,2020-07-14 20:00
O871368051,2020-07-14 19:14
O212661746,2020-07-14 18:48
O098124396,2020-07-14 18:16
O886216577,2020-07-14 15:30
O684524090,2020-07-14 09:22
O547291311,2020-07-14 08:31
O275779390,2020-07-13 22:45
O572258512,2020-07-13 18:33
O552285049,2020-07-13 15:59
O255581326,2020-07-13 15:42
O730512529,2020-07-13 15:29
O222932419,2020-07-13 06:40
O711318378,2020-07-12 13:22
O445175787,2020-07-11 14:20
O879705009,2020-07-11 10:24
O149043271,2020-07-10 19:59
O812841928,2020-07-10 17:30
O848453678,2020-07-10 15:23
O057656291,2020-07-10 14:39
O282274584,2020-07-10 07:46
O032572661,2020-07-09 18:41
O569565323,2020-07-09 17:59
O527613815,2020-07-09 14:19
O997142784,2020-07-09 10:25
O426847868,2020-07-08 22:17
O537405340,2020-07-08 18:57
O160329510,2020-07-08 18:19
O653111018,2020-07-08 16:29
O636328261,2020-07-07 21:54
O207500803,2020-07-07 21:00
O348623921,2020-07-07 19:00
O944272782,2020-07-07 12:24
O710856865,2020-07-07 12:07
O779268392,2020-07-07 11:37
O408497624,2020-07-07 10:07
O178234537,2020-07-07 09:36
O313556588,2020-07-07 08:45
O669836808,2020-07-06 20:39
O847632300,2020-07-06 19:21
O742117453,2020-07-06 15:53
O480681104,2020-07-06 06:06
O878910483,2020-07-05 19:40
O227085176,2020-07-05 09:36
O135771215,2020-07-05 05:33
O846110893,2020-07-04 16:00
O092756421,2020-07-04 12:24
O700056840,2020-07-04 06:53
O657360004,2020-07-03 20:03
O339803587,2020-07-03 18:54
O043180147,2020-07-03 17:47
O937977145,2020-07-02 16:25
O898795575,2020-07-02 14:35
O570512921,2020-07-02 13:59
O282667871,2020-07-02 11:27
O330448224,2020-07-02 05:38
O791969839,2020-07-01 17:43
O278777584,2020-07-01 17:15
O717680618,2020-07-01 16:29
O812540032,2020-07-01 15:23
O689995041,2020-07-01 13:35
O646576669,2020-07-01 01:24
O371850745,2020-06-30 22:35
O215999143,2020-06-30 19:14
O779136809,2020-06-30 16:16
O543481846,2020-06-30 04:58
O454880593,2020-06-30 03:35
O402634455,2020-06-29 22:57
O258095890,2020-06-29 18:29
O757897218,2020-06-29 18:19
O417545868,2020-06-29 15:47
O412731614,2020-06-29 13:30
O878518190,2020-06-29 11:49
O173499393,2020-06-28 21:39
O366774498,2020-06-28 16:55
O955689746,2020-06-28 11:05
O962468535,2020-06-28 08:43
O253103719,2020-06-28 01:10
O776981206,2020-06-27 10:57
O107433770,2020-06-25 21:39
O730117299,2020-06-25 16:28
O602998992,2020-06-25 11:56
O738853387,2020-06-24 19:50
O809117900,2020-06-24 14:14
O053405344,2020-06-24 13:28
O664094028,2020-06-24 12:43
O094745019,2020-06-22 17:17
O821372055,2020-06-22 16:53
O752876463,2020-06-22 08:53
O080286167,2020-06-21 23:45
O339509104,2020-06-21 20:46
O461877717,2020-06-21 18:21
O087955988,2020-06-21 17:48
O368684029,2020-06-21 11:02
O308905615,2020-06-21 03:28
O000147981,2020-06-20 20:44
O492335774,2020-06-20 19:19
O767770547,2020-06-20 18:08
O261034749,2020-06-20 11:42
O000687522,2020-06-18 17:27
O733690305,2020-06-18 13:52
O539153814,2020-06-18 12:18
O456268717,2020-06-18 06:21
O686238631,2020-06-17 18:32
O333123330,2020-06-17 16:20
O594317064,2020-06-17 14:09
O053793458,2020-06-16 19:35
O734997899,2020-06-16 15:04
O175954566,2020-06-15 21:02
O040050092,2020-06-15 20:01
O256772660,2020-06-15 11:00
O150914679,2020-06-15 07:33
O190864589,2020-06-14 17:46
O652892073,2020-06-14 09:35
O921876427,2020-06-13 20:16
O539716824,2020-06-13 19:35
O603137209,2020-06-13 15:54
O635091141,2020-06-13 15:38
O394395097,2020-06-13 10:23
O399759366,2020-06-12 19:06
O923436090,2020-06-12 07:39
O776086527,2020-06-11 18:38
O840485942,2020-06-11 09:27
O831807403,2020-06-11 04:57
O636560819,2020-06-10 14:11
O380386966,2020-06-10 12:23
O361515153,2020-06-09 04:43
O996925433,2020-06-08 13:11
O028865242,2020-06-07 17:56
O358989183,2020-06-07 15:32
O701136720,2020-06-06 18:35
O004924928,2020-06-06 14:57
O383939647,2020-06-05 19:33
O893863478,2020-06-04 19:29
O103436386,2020-06-04 17:50
O238490717,2020-06-04 11:17
O805924267,2020-06-03 20:47
O667553221,2020-06-03 18:34
O659068710,2020-06-03 16:52
O365143406,2020-06-03 10:58
O654272391,2020-06-03 07:49
O108768777,2020-06-02 13:25
O617075350,2020-06-02 12:26
O070270067,2020-06-02 08:34
O537500866,2020-06-01 17:19
O336513499,2020-06-01 14:07
O401328053,2020-06-01 10:44
O315120612,2020-06-01 09:18
O338459652,2020-05-31 18:31
O341307889,2020-05-31 17:50
O359000340,2020-05-31 12:46
O173510089,2020-05-31 09:39
O439400557,2020-05-30 21:49
O295798222,2020-05-30 18:01
O025778592,2020-05-30 14:30
O940812441,2020-05-30 12:06
O586141732,2020-05-29 18:05
O693193566,2020-05-29 11:48
O703925360,2020-05-28 14:06
O847637752,2020-05-27 21:07
O443400584,2020-05-26 22:05
O548284179,2020-05-26 19:37
O318370285,2020-05-26 18:52
O613829912,2020-05-26 17:56
O150607204,2020-05-26 17:17
O980974598,2020-05-26 16:35
O614483393,2020-05-26 15:12
O713375609,2020-05-26 10:33
O605223791,2020-05-25 21:04
O939725496,2020-05-25 12:14
O776936651,2020-05-25 09:27
O409409220,2020-05-25 08:30
O944450603,2020-05-24 21:47
O101984585,2020-05-24 15:13
O009696994,2020-05-24 14:52
O325883883,2020-05-24 14:22
O298694718,2020-05-24 14:01
O403593853,2020-05-24 12:15
O432911510,2020-05-24 12:04
O617999776,2020-05-24 05:15
O665463930,2020-05-23 14:43
O872376381,2020-05-23 10:56
O934037516,2020-05-23 00:07
O432491921,2020-05-22 21:21
O088172782,2020-05-22 16:59
O582442895,2020-05-22 10:23
O264449567,2020-05-21 21:47
O880103956,2020-05-21 20:41
O874610029,2020-05-21 18:30
O763290539,2020-05-21 18:07
O889183218,2020-05-21 16:40
O969967363,2020-05-21 16:38
O011630822,2020-05-21 16:30
O933552014,2020-05-21 13:18
O060490900,2020-05-21 12:36
O226035341,2020-05-21 12:23
O069510527,2020-05-20 19:32
O755991190,2020-05-20 19:30
O608796843,2020-05-20 17:06
O994710435,2020-05-20 13:49
O963290423,2020-05-20 12:51
O361911642,2020-05-20 12:40
O495519591,2020-05-20 12:17
O450592043,2020-05-20 08:03
O283886347,2020-05-19 20:36
O527694699,2020-05-19 10:48
O542162324,2020-05-19 09:32
O754080762,2020-05-18 22:15
O831392277,2020-05-18 20:35
O985612026,2020-05-18 20:23
O535339485,2020-05-18 20:17
O106571515,2020-05-18 19:55
O253745890,2020-05-18 19:49
O589368839,2020-05-18 18:50
O041460900,2020-05-18 17:55
O704390826,2020-05-18 17:17
O952985100,2020-05-18 17:07
O143103455,2020-05-18 16:42
O573470274,2020-05-18 16:34
O745341222,2020-05-18 16:24
O471321355,2020-05-18 15:59
O942689499,2020-05-18 15:42
O807509302,2020-05-18 15:39
O517522063,2020-05-18 15:29
O977474423,2020-05-18 15:03
O897594274,2020-05-18 15:02
O552141901,2020-05-18 13:47
O213408042,2020-05-18 12:58
O967010744,2020-05-18 11:26
O205985516,2020-05-18 06:15
O218991018,2020-05-17 01:32
O218986619,2020-05-16 22:09
O488700306,2020-05-16 10:46
O584791577,2020-05-16 07:42
O378054815,2020-05-16 06:54
O327707658,2020-05-15 21:21
O254865334,2020-05-15 19:45
O393019102,2020-05-15 19:07
O125460077,2020-05-15 18:24
O344307328,2020-05-15 14:21
O295913367,2020-05-15 11:45
O211168571,2020-05-14 18:44
O597209493,2020-05-14 11:46
O735686470,2020-05-14 10:39
O434130554,2020-05-14 09:11
O017987355,2020-05-14 08:24
O544945970,2020-05-13 21:48
O587962246,2020-05-13 21:22
O922115289,2020-05-13 17:13
O650450537,2020-05-13 13:19
O105607648,2020-05-12 18:05
O716084576,2020-05-12 16:31
O155548406,2020-05-12 12:46
O880868311,2020-05-12 11:57
O796157206,2020-05-11 14:20
O376979182,2020-05-10 16:34
O618647082,2020-05-10 16:27
O554874778,2020-05-10 16:19
O685385338,2020-05-09 14:37
O554380448,2020-05-09 14:21
O902717420,2020-05-09 11:30
O733601581,2020-05-09 00:16
O341804957,2020-05-08 19:14
O409244197,2020-05-08 19:02
O698368390,2020-05-08 13:45
O810804126,2020-05-08 06:35
O556676596,2020-05-07 18:44
O281841773,2020-05-07 18:43
O238513268,2020-05-07 14:39
O257937190,2020-05-07 12:26
O858509426,2020-05-07 12:13
O858746546,2020-05-06 20:20
O701230685,2020-05-06 18:16
O980487143,2020-05-06 18:11
O575625863,2020-05-06 18:02
O740816618,2020-05-06 14:54
O315615492,2020-05-05 16:35
O125019579,2020-05-05 14:26
O540626545,2020-05-05 08:08
O601682101,2020-05-05 06:04
O717418836,2020-05-04 20:54
O862054772,2020-05-04 18:45
O076713516,2020-05-04 16:53
O721338884,2020-05-04 12:29
O531712252,2020-05-04 06:12
O987514508,2020-05-04 01:14
O952477219,2020-05-03 22:34
O088011808,2020-05-03 14:00
O096210494,2020-05-03 10:42
O647874689,2020-05-03 10:35
O422578726,2020-05-02 17:49
O274913077,2020-05-02 16:56
O543233854,2020-05-01 18:00
O423314423,2020-05-01 08:39
O203454388,2020-05-01 05:48
O057071990,2020-05-01 02:08
O161420048,2020-04-30 17:38
O755028791,2020-04-30 06:48
O027689983,2020-04-29 18:21
O711538297,2020-04-29 15:37
O531256993,2020-04-29 15:35
O132042100,2020-04-29 10:13
O919523562,2020-04-28 17:40
O152820027,2020-04-27 19:03
O689328292,2020-04-27 18:00
O972913525,2020-04-27 17:51
O582944567,2020-04-27 17:41
O833981140,2020-04-27 15:40
O541453122,2020-04-26 20:28
O521824314,2020-04-26 19:39
O049153656,2020-04-26 12:23
O943918976,2020-04-25 20:34
O536987065,2020-04-25 19:37
O593258331,2020-04-25 08:24
O752098726,2020-04-24 10:26
O114041137,2020-04-24 06:49
O992034738,2020-04-22 16:00
O713226374,2020-04-22 15:46
O673385114,2020-04-22 14:14
O813251554,2020-04-22 13:56
O707630909,2020-04-22 11:40
O471101823,2020-04-22 09:59
O883469694,2020-04-21 16:17
O861402094,2020-04-21 14:53
O780501437,2020-04-20 17:34
O145855370,2020-04-20 10:41
O654886063,2020-04-20 09:49
O574459860,2020-04-19 19:10
O182651606,2020-04-19 18:45
O552113126,2020-04-19 12:15
O534790160,2020-04-19 05:46
O036895554,2020-04-18 21:08
O106841282,2020-04-18 19:18
O326214521,2020-04-18 13:42
O286611367,2020-04-17 19:17
O223683716,2020-04-17 14:07
O397971860,2020-04-17 00:58
O773857993,2020-04-15 15:49
O492875395,2020-04-15 14:54
O281931484,2020-04-14 15:01
O141838373,2020-04-12 19:49
O723009915,2020-04-11 11:05
O406650242,2020-04-11 08:23
O118991671,2020-04-10 11:07
O018189475,2020-04-08 18:34
O335887558,2020-04-08 18:31
O768349448,2020-04-08 18:30
O221392047,2020-04-08 13:02
O917138244,2020-04-08 12:37
O593648510,2020-04-07 16:54
O520231674,2020-04-07 14:24
O339249128,2020-04-07 11:27
O195581946,2020-04-07 10:49
O697239892,2020-04-06 17:02
O375170179,2020-04-06 13:41
O087210039,2020-04-05 23:14
O883008216,2020-04-05 18:47
O909283340,2020-04-05 18:08
O501737927,2020-04-05 17:04
O145744219,2020-04-05 14:16
O761426670,2020-04-05 09:25
O572132651,2020-04-04 18:21
O885715655,2020-04-04 12:34
O061865180,2020-04-04 08:00
O065655848,2020-04-03 22:10
O609534043,2020-04-03 20:40
O789455557,2020-04-03 14:40
O602245978,2020-04-03 13:18
O065147550,2020-04-03 12:56
O011798876,2020-04-03 07:21
O987074841,2020-04-02 18:47
O261673954,2020-04-02 15:05
O266836175,2020-04-02 12:59
O639578310,2020-04-02 12:44
O636150826,2020-04-02 10:16
O354484796,2020-04-01 19:37
O939725473,2020-04-01 15:32
O665596907,2020-04-01 10:54
O901155532,2020-04-01 08:09
O312582096,2020-03-31 21:22
O040261392,2020-03-31 21:11
O540144155,2020-03-31 21:01
O109965642,2020-03-31 18:38
O872785284,2020-03-31 18:12
O371172612,2020-03-31 15:50
O016204242,2020-03-31 13:54
O517986361,2020-03-31 13:01
O975425259,2020-03-31 11:41
O733855540,2020-03-31 09:01
O045904779,2020-03-30 18:56
O961072431,2020-03-30 18:45
O499599621,2020-03-30 15:41
O795478717,2020-03-30 10:48
O545527731,2020-03-29 21:28
O966039777,2020-03-29 21:15
O966128157,2020-03-29 15:11
O358864385,2020-03-29 13:56
O309545045,2020-03-29 13:37
O434284640,2020-03-29 08:39
O447910452,2020-03-29 08:31
O161115448,2020-03-28 23:00
O327177139,2020-03-28 22:22
O515549727,2020-03-28 19:10
O194056237,2020-03-28 15:51
O370067822,2020-03-28 15:05
O543083287,2020-03-28 12:30
O967365637,2020-03-28 11:54
O074026144,2020-03-28 10:12
O955398202,2020-03-28 07:57
O252580355,2020-03-27 22:44
O248704277,2020-03-27 22:04
O370353286,2020-03-27 19:50
O939386808,2020-03-27 16:01
O095091715,2020-03-27 14:43
O459296345,2020-03-27 13:08
O437498379,2020-03-26 16:28
O751007462,2020-03-26 14:50
O622807007,2020-03-26 13:09
O917547996,2020-03-26 11:31
O076023731,2020-03-26 08:49
O651215107,2020-03-26 07:51
O854787904,2020-03-26 07:33
O944247517,2020-03-25 21:12
O908027167,2020-03-25 20:33
O156199896,2020-03-25 16:29
O952515628,2020-03-25 13:11
O209393016,2020-03-25 10:49
O026545204,2020-03-25 06:42
O669811529,2020-03-24 23:25
O583219068,2020-03-24 22:29
O261267730,2020-03-24 20:11
O785993590,2020-03-24 19:43
O755132821,2020-03-24 16:56
O286915803,2020-03-24 10:49
O260717369,2020-03-24 10:05
O576040928,2020-03-24 09:20
O664149400,2020-03-24 08:51
O875377647,2020-03-23 20:45
O245242008,2020-03-23 17:24
O530711702,2020-03-23 13:57
O509342180,2020-03-23 13:34
O842995574,2020-03-23 09:53
O735301979,2020-03-23 02:02
O550596387,2020-03-22 20:33
O036137614,2020-03-22 20:32
O812839768,2020-03-22 18:54
O353428981,2020-03-22 17:52
O524501956,2020-03-22 11:19
O048842770,2020-03-22 09:39
O227624382,2020-03-22 09:08
O845779171,2020-03-21 23:23
O254707754,2020-03-21 17:28
O968746924,2020-03-21 12:33
O516269183,2020-03-21 11:16
O088607336,2020-03-21 11:05
O331495347,2020-03-21 09:02
O147436117,2020-03-21 08:21
O118768778,2020-03-20 19:39
O798230607,2020-03-20 17:36
O835730066,2020-03-20 06:49
O625540484,2020-03-19 22:20
O866734607,2020-03-19 21:06
O675945406,2020-03-19 17:55
O631783507,2020-03-19 16:25
O561058182,2020-03-19 15:28
O541603939,2020-03-18 16:42
O860741426,2020-03-18 12:58
O387198191,2020-03-18 11:38
O307332939,2020-03-18 07:19
O310319231,2020-03-17 19:40
O622225841,2020-03-17 15:31
O290128260,2020-03-17 13:13
O798994588,2020-03-17 11:25
O829717773,2020-03-17 11:13
O522017026,2020-03-17 09:15
O327275367,2020-03-16 21:33
O445452215,2020-03-16 20:33
O194994138,2020-03-16 20:16
O159655129,2020-03-16 16:27
O958572203,2020-03-16 08:24
O104683437,2020-03-16 07:15
O960325665,2020-03-15 15:07
O591865155,2020-03-15 13:46
O898453924,2020-03-15 13:01
O361236164,2020-03-14 17:28
O288327754,2020-03-13 21:09
O247754095,2020-03-13 12:00
O550020646,2020-03-13 11:52
O920881951,2020-03-12 22:08
O678491726,2020-03-12 12:22
O146652943,2020-03-11 22:54
O096999689,2020-03-11 21:25
O251066786,2020-03-10 17:12
O603827001,2020-03-10 13:06
O863481338,2020-03-09 10:51
O192197077,2020-03-08 21:26
O700245546,2020-03-07 08:01
O829637263,2020-03-06 16:10
O084723226,2020-03-06 10:12
O819691518,2020-03-05 17:16
O220576468,2020-03-05 08:41
O012080067,2020-03-04 16:36
O956786810,2020-03-03 22:43
O195001785,2020-03-03 22:05
O847678643,2020-03-03 18:27
O876884750,2020-03-03 17:02
O430379059,2020-03-03 13:20
O432609649,2020-03-03 13:17
O278596083,2020-03-03 12:30
O075649929,2020-03-03 12:14
O573204372,2020-03-03 11:36
O347511234,2020-03-02 19:00
O142044516,2020-03-02 13:42
O948787997,2020-03-01 14:33
O042796188,2020-02-29 12:57
O625913278,2020-02-29 10:17
O388985169,2020-02-28 23:50
O546610716,2020-02-28 19:10
O218106329,2020-02-28 16:04
O679853607,2020-02-28 06:27
O903043413,2020-02-27 19:44
O811121213,2020-02-27 19:39
O875294378,2020-02-27 10:58
O476851224,2020-02-26 15:41
O179938699,2020-02-25 15:52
O587774954,2020-02-24 19:27
O013831859,2020-02-24 13:23
O918455636,2020-02-24 11:54
O580394486,2020-02-23 16:58
O907471970,2020-02-23 16:42
O952406772,2020-02-23 12:59
O021639845,2020-02-22 17:09
O415935906,2020-02-22 12:51
O342450229,2020-02-22 10:06
O343865701,2020-02-21 20:30
O962946696,2020-02-21 16:17
O605510389,2020-02-21 10:33
O087893230,2020-02-21 00:13
O409214279,2020-02-20 20:33
O019042364,2020-02-20 16:55
O510675743,2020-02-20 11:42
O948815139,2020-02-19 17:54
O622867319,2020-02-19 17:43
O046219845,2020-02-19 12:26
O499484696,2020-02-18 18:32
O924588057,2020-02-18 17:00
O225728514,2020-02-18 10:31
O793327032,2020-02-18 00:09
O943557718,2020-02-17 21:34
O116408707,2020-02-17 21:18
O788357258,2020-02-17 13:44
O359130885,2020-02-16 07:32
O491262554,2020-02-15 22:04
O848879793,2020-02-15 18:00
O294651019,2020-02-15 17:52
O033044265,2020-02-15 12:06
O785884846,2020-02-15 10:57
O373435679,2020-02-15 10:56
O993593874,2020-02-15 08:12
O137665588,2020-02-14 18:16
O758326515,2020-02-11 17:39
O410892521,2020-02-11 16:58
O611637764,2020-02-10 20:49
O415299604,2020-02-10 13:54
O984764752,2020-02-10 08:32
O639162671,2020-02-09 22:06
O852090073,2020-02-09 20:53
O018036110,2020-02-08 19:59
O430534573,2020-02-08 16:52
O896406968,2020-02-08 13:40
O066268890,2020-02-07 17:37
O510555805,2020-02-07 10:26
O132797134,2020-02-06 20:01
O771483403,2020-02-06 14:45
O128341704,2020-02-06 13:50
O146006765,2020-02-06 13:47
O623357782,2020-02-06 12:24
O238217687,2020-02-06 10:30
O708335858,2020-02-05 16:37
O651015558,2020-02-05 14:45
O727376006,2020-02-05 13:04
O093165458,2020-02-04 14:33
O408161103,2020-02-04 13:40
O509084209,2020-02-04 12:04
O096960069,2020-02-03 18:51
O081844693,2020-02-03 14:57
O593734177,2020-02-03 11:29
O667972125,2020-02-02 14:25
O302713843,2020-02-02 11:27
O997981490,2020-02-01 22:24
O239707674,2020-02-01 20:29
O246296286,2020-02-01 10:37
O432369157,2020-02-01 05:19
O071385621,2020-01-31 20:59
O164477431,2020-01-31 19:50
O115038910,2020-01-31 13:32
O661422339,2020-01-31 12:54
O198416949,2020-01-30 20:31
O112868745,2020-01-30 18:31
O183418619,2020-01-30 17:32
O668835064,2020-01-30 16:03
O924762617,2020-01-29 15:31
O503561231,2020-01-29 11:02
O424171802,2020-01-28 11:33
O311838638,2020-01-27 13:31
O325920554,2020-01-27 09:52
O247527325,2020-01-26 15:36
O298341818,2020-01-26 05:28
O877294393,2020-01-26 04:40
O597224373,2020-01-25 20:28
O120282260,2020-01-25 15:55
O234708147,2020-01-25 15:21
O246746821,2020-01-25 12:04
O974985093,2020-01-25 09:49
O966007220,2020-01-25 05:37
O317072072,2020-01-24 17:12
O789752824,2020-01-23 19:04
O504423560,2020-01-23 16:55
O050902313,2020-01-23 12:40
O262853600,2020-01-22 19:50
O439561904,2020-01-22 16:21
O127099080,2020-01-22 14:04
O554962590,2020-01-22 13:58
O702051777,2020-01-22 09:42
O112342652,2020-01-21 14:29
O773735511,2020-01-21 14:02
O369110528,2020-01-20 17:05
O639242206,2020-01-19 21:43
O655240141,2020-01-19 20:53
O717421877,2020-01-19 20:31
O673141496,2020-01-18 20:06
O869910924,2020-01-18 17:01
O707737885,2020-01-17 16:03
O176159156,2020-01-16 23:09
O126091339,2020-01-16 18:03
O578904088,2020-01-16 13:03
O446833463,2020-01-15 19:11
O708217240,2020-01-14 19:33
O519885117,2020-01-14 16:41
O734200510,2020-01-14 11:28
O536704802,2020-01-13 21:17
O099868343,2020-01-13 17:50
O694951286,2020-01-12 18:06
O015488784,2020-01-11 17:29
O743081535,2020-01-10 16:17
O905750275,2020-01-10 15:00
O281456315,2020-01-09 21:48
O581257252,2020-01-09 02:47
O346870103,2020-01-08 22:34
O190950273,2020-01-08 14:05
O266396838,2020-01-07 18:40
O766545416,2020-01-07 13:55
O148795556,2020-01-07 01:44
O661907830,2020-01-06 21:02
O002179985,2020-01-06 19:34
O433336311,2020-01-06 13:22
O734789109,2020-01-02 15:33
O333327248,2019-12-31 12:16
O477258065,2019-12-29 15:20
O120056903,2019-12-28 16:45
O426342050,2019-12-27 20:51
O515157539,2019-12-27 20:26
O401772442,2019-12-27 17:52
O887415640,2019-12-26 14:28
O000265191,2019-12-25 13:38
O002632059,2019-12-21 22:30
O605882773,2019-12-21 14:24
O352893527,2019-12-20 12:17
O874145301,2019-12-20 02:39
O645710683,2019-12-20 01:15
O764395545,2019-12-19 21:22
O549462099,2019-12-19 07:04
O893541355,2019-12-18 19:56
O881691214,2019-12-18 12:00
O661069113,2019-12-17 22:26
O470315479,2019-12-17 20:48
O051374251,2019-12-17 18:44
O999082353,2019-12-16 20:20
O511670509,2019-12-16 17:57
O141232885,2019-12-16 16:14
O343752401,2019-12-15 21:07
O651784621,2019-12-15 00:31
O373118451,2019-12-14 14:56
O853831828,2019-12-14 05:58
O691689000,2019-12-13 22:05
O957717053,2019-12-13 10:31
O207988724,2019-12-13 08:38
O885318984,2019-12-12 20:39
O174826895,2019-12-12 04:46
O902094681,2019-12-10 14:28
O138016651,2019-12-10 14:23
O259655139,2019-12-08 13:09
O163718954,2019-12-06 13:11
O591354218,2019-12-05 20:09
O261845096,2019-12-05 17:05
O699339424,2019-12-04 18:27
O106229869,2019-12-04 14:40
O843715441,2019-12-04 12:43
O688287314,2019-12-03 19:55
O789098870,2019-12-03 19:03
O280145939,2019-12-03 15:27
O214551446,2019-12-02 21:15
O901469127,2019-12-02 21:04
O196566052,2019-12-02 12:25
O813944992,2019-12-02 12:16
O421680978,2019-11-29 20:26
O691661314,2019-11-29 16:01
O902284632,2019-11-29 00:52
O409399627,2019-11-28 19:19
O432269264,2019-11-28 13:06
O616552793,2019-11-27 20:53
O244414226,2019-11-27 19:16
O455990057,2019-11-27 12:16
O125666639,2019-11-27 11:05
O716833945,2019-11-27 09:08
O103301054,2019-11-26 19:59
O763789199,2019-11-26 18:43
O463722820,2019-11-26 12:33
O850431503,2019-11-26 01:04
O062846242,2019-11-25 10:45
O741802740,2019-11-25 06:41
O728294853,2019-11-24 21:23
O475400087,2019-11-24 18:25
O902855737,2019-11-24 17:34
O366545823,2019-11-24 16:04
O235829884,2019-11-24 15:05
O750077339,2019-11-24 11:11
O465885860,2019-11-24 10:45
O472834865,2019-11-23 16:54
O464005649,2019-11-22 21:13
O791371837,2019-11-22 02:47
O352574730,2019-11-21 16:17
O991165461,2019-11-21 12:44
O324014249,2019-11-21 12:02
O789725384,2019-11-20 22:09
O263875908,2019-11-20 09:22
O131855445,2019-11-20 09:13
O355535449,2019-11-19 19:08
O337492023,2019-11-19 18:20
O290605941,2019-11-19 05:27
O099611593,2019-11-19 01:58
O680685569,2019-11-19 00:23
O724476680,2019-11-18 18:24
O735937774,2019-11-18 12:06
O038228598,2019-11-17 18:54
O040093307,2019-11-17 18:36
O902300678,2019-11-17 13:10
O390078531,2019-11-16 19:58
O469508769,2019-11-16 12:29
O209761233,2019-11-16 12:06
O594324625,2019-11-16 11:18
O499712567,2019-11-16 10:04
O615069833,2019-11-16 08:48
O132916320,2019-11-15 19:52
O107805141,2019-11-15 19:17
O964790160,2019-11-14 17:44
O693819299,2019-11-14 07:43
O211014555,2019-11-13 19:35
O308054788,2019-11-12 20:05
O893125595,2019-11-12 14:46
O690458346,2019-11-12 14:06
O127222027,2019-11-12 11:26
O913337819,2019-11-12 00:47
O002608674,2019-11-11 12:18
O848308496,2019-11-11 12:01
O862536731,2019-11-10 21:44
O870735313,2019-11-10 14:58
O373649117,2019-11-09 16:41
O254407575,2019-11-08 23:36
O905234831,2019-11-05 19:14
O039673550,2019-11-04 17:00
O621604224,2019-11-04 16:09
O799469004,2019-11-04 13:24
O236005595,2019-11-03 22:06
O712782637,2019-11-02 14:58
O643416522,2019-11-02 08:59
O730461955,2019-11-01 17:22
O903616221,2019-11-01 14:08
O947338264,2019-10-31 15:11
O824229120,2019-10-31 14:02
O216467321,2019-10-30 20:43
O051005151,2019-10-30 20:42
O429497603,2019-10-30 20:29
O151659462,2019-10-30 15:52
O369314777,2019-10-30 12:16
O191446900,2019-10-30 10:54
O925639394,2019-10-30 09:50
O452400291,2019-10-30 06:52
O985922606,2019-10-30 06:18
O717084400,2019-10-29 13:23
O218674793,2019-10-29 12:51
O927705341,2019-10-28 21:06
O737217580,2019-10-28 13:09
O831123798,2019-10-28 12:38
O113899110,2019-10-27 15:40
O894634699,2019-10-27 10:25
O408690637,2019-10-26 19:59
O462076878,2019-10-26 18:27
O350324475,2019-10-26 11:50
O289974482,2019-10-26 08:14
O519883868,2019-10-25 21:16
O950077416,2019-10-25 18:36
O705315801,2019-10-25 16:46
O260657621,2019-10-24 20:03
O808584701,2019-10-24 13:12
O145401388,2019-10-24 11:44
O565897912,2019-10-24 10:52
O826849896,2019-10-24 09:30
O976508935,2019-10-23 18:30
O752529707,2019-10-23 14:20
O771827161,2019-10-22 21:57
O690943708,2019-10-22 19:32
O096924955,2019-10-22 19:27
O674645264,2019-10-22 15:43
O442368354,2019-10-22 14:48
O833645849,2019-10-22 12:24
O637795839,2019-10-21 19:45
O865375762,2019-10-21 10:11
O753999162,2019-10-20 13:01
O660881805,2019-10-20 07:37
O382204840,2019-10-19 17:27
O412050047,2019-10-18 20:03
O911680375,2019-10-18 19:48
O153521029,2019-10-18 19:23
O247864958,2019-10-18 17:09
O013787824,2019-10-18 14:42
O186797758,2019-10-17 20:26
O299897097,2019-10-17 11:51
O880701782,2019-10-16 07:42
O237444802,2019-10-15 21:50
O145676813,2019-10-15 15:06
O364059293,2019-10-15 14:12
O137294368,2019-10-15 12:46
O139324153,2019-10-14 17:39
O732897845,2019-10-14 06:41
O803797719,2019-10-13 19:32
O897749658,2019-10-13 18:10
O680013884,2019-10-12 14:47
O424134401,2019-10-12 14:33
O020957231,2019-10-11 19:27
O766463437,2019-10-11 12:44
O827326951,2019-10-11 07:06
O832698619,2019-10-10 22:48
O340426252,2019-10-10 22:36
O909933334,2019-10-10 21:47
O831745648,2019-10-10 21:47
O180072443,2019-10-10 21:43
O408152658,2019-10-10 21:37
O545716290,2019-10-10 21:31
O768115497,2019-10-10 21:31
O373647495,2019-10-10 20:59
O362388251,2019-10-10 20:55
O240539534,2019-10-10 20:39
O483105048,2019-10-10 20:27
O383482880,2019-10-10 20:21
O498358678,2019-10-10 20:21
O572805821,2019-10-10 20:20
O411069367,2019-10-10 20:01
O172393901,2019-10-10 19:43
O586257825,2019-10-10 19:36
O248980864,2019-10-10 19:09
O561049170,2019-10-10 18:50
O442409381,2019-10-10 18:49
O916383058,2019-10-10 18:47
O636793802,2019-10-10 18:47
O183692648,2019-10-10 18:45
O668122504,2019-10-10 18:32
O394998246,2019-10-10 18:30
O099459884,2019-10-10 18:27
O354060263,2019-10-10 18:27
O416342080,2019-10-10 18:16
O058305343,2019-10-10 18:03
O147010545,2019-10-10 17:48
O666136103,2019-10-10 17:32
O346924322,2019-10-10 17:22
O300413418,2019-10-10 17:05
O924571640,2019-10-10 16:57
O009445768,2019-10-10 16:53
O655097283,2019-10-10 16:52
O928143229,2019-10-10 16:43
O156352234,2019-10-10 16:39
O553036737,2019-10-10 16:28
O076259574,2019-10-10 16:28
O049608399,2019-10-10 16:22
O783187596,2019-10-10 16:21
O189588412,2019-10-10 16:11
O115575476,2019-10-10 16:04
O501231334,2019-10-10 16:03
O557505310,2019-10-10 16:02
O964088468,2019-10-10 15:54
O449011602,2019-10-10 15:46
O018017314,2019-10-10 15:20
O709911976,2019-10-10 15:07
O455188422,2019-10-10 15:07
O383067318,2019-10-10 15:05
O392350628,2019-10-10 14:47
O684807819,2019-10-10 14:43
O819161248,2019-10-10 14:19
O334408912,2019-10-10 14:18
O102323422,2019-10-10 14:09
O318562571,2019-10-10 14:06
O232965770,2019-10-10 13:48
O663857712,2019-10-10 13:47
O297664212,2019-10-10 13:45
O567980871,2019-10-10 12:36
O876026830,2019-10-10 12:27
O548726335,2019-10-10 12:17
O202318942,2019-10-10 12:04
O198537486,2019-10-10 12:03
O285309864,2019-10-10 11:42
O786072259,2019-10-10 11:41
O202630267,2019-10-10 11:39
O815022014,2019-10-10 11:30
O766207642,2019-10-10 11:29
O045378418,2019-10-10 11:25
O797336670,2019-10-10 11:09
O001008218,2019-10-10 11:09
O131010251,2019-10-10 11:08
O601010811,2019-10-10 11:07
O418638071,2019-10-10 11:04
O660137278,2019-10-10 11:00
O063668499,2019-10-10 10:58
O709144523,2019-10-10 10:51
O387405069,2019-10-10 10:40
O801003053,2019-10-10 10:03
O482580114,2019-10-10 09:22
O285195294,2019-10-09 17:37
O644631603,2019-10-07 11:09
O975364539,2019-10-07 07:13
O647709563,2019-10-06 12:34
O432112860,2019-10-06 10:16
O042712668,2019-10-04 18:45
O758817422,2019-10-04 13:53
O580146486,2019-10-04 13:40
O945342397,2019-10-04 00:35
O474479949,2019-10-03 19:56
O985449114,2019-10-03 18:03
O283247997,2019-10-03 17:29
O399857757,2019-10-03 13:14
O568594532,2019-10-02 15:43
O295740872,2019-10-02 12:21
O703011239,2019-10-02 12:21
O505907019,2019-10-02 10:16
O476665961,2019-10-01 11:29
O613022562,2019-09-30 22:56
O519510890,2019-09-30 21:41
O553312009,2019-09-30 14:18
O721717482,2019-09-30 10:31
O100622024,2019-09-29 11:30
O741050325,2019-09-28 19:29
O188738204,2019-09-28 18:13
O782182828,2019-09-28 12:33
O263698529,2019-09-28 08:22
O416853843,2019-09-27 20:09
O943606151,2019-09-26 20:26
O334198072,2019-09-26 19:20
O539767178,2019-09-26 12:41
O097965787,2019-09-25 18:56
O280618054,2019-09-25 17:50
O059504008,2019-09-24 19:27
O537159688,2019-09-23 22:19
O078388613,2019-09-23 20:14
O241457287,2019-09-23 12:03
O592141317,2019-09-23 08:20
O670628613,2019-09-22 18:27
O648458278,2019-09-22 15:36
O173982014,2019-09-22 11:30
O936135769,2019-09-21 14:26
O806042816,2019-09-21 14:15
O876426255,2019-09-21 10:25
O130522737,2019-09-19 19:02
O669883194,2019-09-19 11:44
O317485831,2019-09-19 08:29
O588304717,2019-09-19 07:45
O741301334,2019-09-18 21:05
O319241939,2019-09-18 19:41
O461467117,2019-09-17 14:29
O648033576,2019-09-17 05:57
O817790902,2019-09-16 13:44
O456929471,2019-09-16 09:07
O069749463,2019-09-16 07:19
O336701361,2019-09-15 12:54
O686983668,2019-09-12 17:00
O606445643,2019-09-11 18:23
O531229074,2019-09-11 15:08
O867693602,2019-09-11 13:01
O970719879,2019-09-11 00:09
O691410066,2019-09-10 09:17
O821042527,2019-09-09 22:09
O255551648,2019-09-09 17:36
O005855689,2019-09-09 12:00
O409750688,2019-09-08 13:30
O407568981,2019-09-07 19:05
O255383805,2019-09-07 17:46
O674302297,2019-09-07 13:36
O679132997,2019-09-07 06:48
O903856424,2019-09-06 17:31
O655471171,2019-09-06 14:56
O684054576,2019-09-06 13:20
O117470532,2019-09-03 22:15
O546767006,2019-09-03 15:41
O676276261,2019-09-03 11:18
O129653618,2019-09-02 19:05
O717232831,2019-09-02 08:37
O731210623,2019-09-02 07:14
O703005605,2019-08-30 22:00
O722758818,2019-08-30 13:21
O358445000,2019-08-30 10:03
O588913672,2019-08-30 05:50
O335722304,2019-08-29 17:46
O686047073,2019-08-28 23:54
O514640969,2019-08-28 18:52
O522268618,2019-08-28 15:40
O882774523,2019-08-27 23:34
O401915522,2019-08-27 14:25
O425217032,2019-08-27 13:56
O658309893,2019-08-26 14:05
O803706611,2019-08-26 13:41
O589312085,2019-08-24 15:43
O542538130,2019-08-23 22:33
O088216310,2019-08-23 07:30
O719393447,2019-08-22 21:02
O296571164,2019-08-22 18:26
O122362013,2019-08-21 12:30
O825202049,2019-08-21 11:57
O753448070,2019-08-21 11:02
O333627581,2019-08-21 08:46
O898771335,2019-08-20 18:09
O009493992,2019-08-20 14:37
O828272132,2019-08-19 18:28
O935130319,2019-08-19 14:19
O263336671,2019-08-18 21:19
O875373298,2019-08-16 16:52
O656497667,2019-08-16 16:15
O524702310,2019-08-16 15:35
O371368024,2019-08-16 08:18
O984589237,2019-08-15 20:59
O710475798,2019-08-14 17:47
O420720743,2019-08-14 14:31
O672451261,2019-08-13 14:44
O724007757,2019-08-12 19:19
O343484659,2019-08-12 14:20
O516530271,2019-08-12 09:53
O895754076,2019-08-12 08:53
O244732976,2019-08-11 17:50
O486502468,2019-08-11 15:29
O486938091,2019-08-10 18:33
O141341774,2019-08-09 00:09
O144296707,2019-08-08 03:15
O124260562,2019-08-08 02:20
O052380974,2019-08-07 19:11
O783592010,2019-08-07 16:02
O063302029,2019-08-07 13:50
O478548872,2019-08-07 10:46
O326380860,2019-08-06 14:13
O845579671,2019-08-06 10:01
O231572139,2019-08-05 18:03
O640564964,2019-08-05 18:00
O636275465,2019-08-05 18:00
O291104832,2019-08-04 17:59
O406096527,2019-08-04 16:47
O999955483,2019-08-03 14:18
O679308728,2019-08-02 13:28
O136901445,2019-08-02 12:01
O265147824,2019-08-02 07:59
O669815326,2019-08-01 14:42
O252689319,2019-08-01 10:50
O712463770,2019-08-01 10:48
O531329872,2019-07-31 18:13
O238944067,2019-07-31 15:18
O227685275,2019-07-31 12:18
O606503429,2019-07-31 11:42
O388623066,2019-07-31 08:43
O962178722,2019-07-30 16:13
O260534073,2019-07-30 15:27
O969413551,2019-07-30 14:19
O947759095,2019-07-30 11:44
O334577675,2019-07-29 23:37
O983469001,2019-07-29 21:32
O946191862,2019-07-28 22:14
O671098553,2019-07-28 20:06
O923559089,2019-07-28 16:31
O329722421,2019-07-28 11:55
O294089196,2019-07-28 11:15
O368938381,2019-07-28 09:30
O267777911,2019-07-27 18:45
O438645929,2019-07-26 15:19
O931883390,2019-07-26 13:30
O275922782,2019-07-25 19:08
O767232150,2019-07-25 17:42
O332979331,2019-07-25 17:23
O819932304,2019-07-25 16:24
O178592166,2019-07-24 21:03
O221887813,2019-07-24 18:29
O483961664,2019-07-24 18:23
O825360795,2019-07-24 18:15
O794554189,2019-07-24 15:59
O624329735,2019-07-24 12:51
O683161201,2019-07-23 19:55
O109244618,2019-07-23 16:12
O902235557,2019-07-23 07:56
O973869088,2019-07-22 16:22
O338397599,2019-07-22 14:15
O214097756,2019-07-21 19:26
O800374917,2019-07-21 16:59
O956019314,2019-07-20 16:23
O472006051,2019-07-20 07:38
O074747865,2019-07-18 16:06
O079784633,2019-07-18 09:36
O266480643,2019-07-18 08:03
O438999619,2019-07-16 10:16
O066227294,2019-07-15 16:28
O440727149,2019-07-14 19:19
O312997209,2019-07-14 14:35
O905354867,2019-07-14 08:58
O479683809,2019-07-13 15:21
O829790393,2019-07-13 09:12
O956112807,2019-07-10 15:53
O015787773,2019-07-09 18:13
O324741370,2019-07-09 13:44
O222515282,2019-07-09 06:04
O767002522,2019-07-08 19:44
O731875220,2019-07-08 10:50
O738488480,2019-07-07 09:42
O302618809,2019-07-07 06:41
O417283778,2019-07-06 19:42
O637720251,2019-07-06 17:48
O950614387,2019-07-06 14:42
O918508673,2019-07-06 13:58
O257198350,2019-07-06 09:41
O537591967,2019-07-05 08:32
O930710905,2019-07-04 19:50
O705049303,2019-07-04 13:25
O585355212,2019-07-04 13:01
O930125986,2019-07-04 10:40
O768110052,2019-07-03 13:20
O524179663,2019-07-02 13:42
O149993525,2019-07-02 13:33
O496495842,2019-07-02 09:00
O573359748,2019-07-02 07:40
O902328540,2019-07-02 05:18
O409039387,2019-07-01 19:42
O369828269,2019-07-01 13:57
O493746720,2019-07-01 13:01
O137364976,2019-06-30 20:16
O678325609,2019-06-30 17:42
O479781446,2019-06-30 13:40
O446688112,2019-06-29 20:07
O648113298,2019-06-29 15:09
O152048602,2019-06-28 19:33
O420174228,2019-06-28 14:27
O860199376,2019-06-28 12:36
O888064440,2019-06-26 20:39
O967089933,2019-06-26 11:32
O353338511,2019-06-26 10:12
O631479777,2019-06-25 22:45
O871874159,2019-06-25 13:49
O023181244,2019-06-25 10:44
O319573776,2019-06-25 10:18
O226947591,2019-06-25 09:50
O039703596,2019-06-24 21:35
O969685827,2019-06-23 02:29
O504952348,2019-06-22 16:09
O486364206,2019-06-22 10:15
O792426552,2019-06-17 19:03
O200846373,2019-06-17 13:56
O050339645,2019-06-15 17:38
O098295213,2019-06-14 17:06
O184257656,2019-06-14 02:25
O830349509,2019-06-13 19:13
O465993358,2019-06-13 10:46
O705758549,2019-06-12 13:43
O029595966,2019-06-11 17:29
O413031952,2019-06-11 08:09
O889608548,2019-06-10 18:27
O555876505,2019-06-10 17:20
O337415706,2019-06-10 15:57
O762575034,2019-06-09 09:21
O848019113,2019-06-08 20:32
O856517020,2019-06-08 11:51
O112804896,2019-06-08 11:44
O281561824,2019-06-07 10:08
O715045039,2019-06-06 17:09
O981070528,2019-06-06 13:13
O332257972,2019-06-04 22:52
O820648514,2019-06-04 20:53
O695739060,2019-06-04 11:54
O848556177,2019-06-03 20:06
O949560722,2019-06-03 19:52
O226594645,2019-06-02 08:35
O620979075,2019-06-01 15:01
O404998623,2019-06-01 14:17
O938824618,2019-06-01 08:52
O550791575,2019-05-30 16:28
O441247115,2019-05-28 14:05
O604633452,2019-05-28 11:08
O756843820,2019-05-27 15:31
O479264155,2019-05-27 15:08
O478687138,2019-05-27 14:58
O297574233,2019-05-26 08:15
O141108264,2019-05-25 16:21
O494935791,2019-05-24 14:36
O136381479,2019-05-23 15:06
O824632834,2019-05-22 10:30
O373123265,2019-05-19 16:19
O157905238,2019-05-18 21:33
O941892241,2019-05-18 19:17
O009380942,2019-05-18 11:21
O648720874,2019-05-18 11:15
O632447448,2019-05-17 19:18
O028752540,2019-05-17 16:56
O663337317,2019-05-17 14:39
O143310468,2019-05-17 11:12
O485438959,2019-05-16 22:09
O973082452,2019-05-16 18:41
O277329444,2019-05-15 23:13
O427183752,2019-05-15 18:06
O051571977,2019-05-14 18:29
O439796113,2019-05-14 16:14
O367627734,2019-05-13 19:29
O652916280,2019-05-13 19:20
O496294573,2019-05-13 12:17
O927530841,2019-05-12 09:10
O606563540,2019-05-11 22:45
O781530646,2019-05-11 16:04
O731962209,2019-05-11 11:56
O084046773,2019-05-10 20:34
O082409464,2019-05-09 17:03
O696978311,2019-05-09 09:22
O002625873,2019-05-07 19:08
O059816827,2019-05-07 15:25
O059209567,2019-05-07 14:15
O609309514,2019-05-06 19:09
O331986602,2019-05-04 16:37
O725754841,2019-05-04 08:08
O779459053,2019-05-03 15:27
O221486575,2019-05-03 14:12
O041630145,2019-05-02 21:54
O898669465,2019-05-01 20:59
O408636775,2019-05-01 11:54
O574055014,2019-04-30 18:25
O874711933,2019-04-30 09:28
O972113428,2019-04-28 23:10
O022516050,2019-04-27 11:24
O306475848,2019-04-25 10:53
O587964348,2019-04-25 10:12
O681811276,2019-04-24 21:48
O740446324,2019-04-24 16:46
O811980957,2019-04-24 15:02
O421584715,2019-04-22 15:29
O335350286,2019-04-22 11:32
O113303172,2019-04-18 08:06
O058430603,2019-04-16 07:48
O288238318,2019-04-15 19:12
O237479816,2019-04-14 21:57
O634350960,2019-04-14 12:02
O772939768,2019-04-13 08:18
O019911274,2019-04-12 14:25
O837532012,2019-04-12 10:16
O001447997,2019-04-11 20:32
O323219287,2019-04-10 21:46
O570030129,2019-04-10 06:56
O356215757,2019-04-09 10:25
O477275307,2019-04-08 15:50
O432725102,2019-04-07 03:10
O854650143,2019-04-03 21:31
O976268935,2019-04-03 19:52
O766142512,2019-04-03 17:33
O918281665,2019-04-03 16:40
O267715305,2019-04-03 12:56
O255376590,2019-04-02 21:03
O175941501,2019-04-02 19:39
O702375521,2019-04-02 18:52
O256961864,2019-04-02 10:10
O153806804,2019-04-02 06:59
O963169882,2019-03-31 19:36
O781135190,2019-03-31 15:48
O461270520,2019-03-31 13:14
O727715442,2019-03-31 10:53
O019047943,2019-03-30 21:19
O927997224,2019-03-30 17:58
O051773244,2019-03-30 14:49
O737833049,2019-03-30 11:16
O025367615,2019-03-30 10:06
O155250934,2019-03-29 21:16
O283068176,2019-03-29 11:24
O433842147,2019-03-28 18:47
O880051016,2019-03-28 12:06
O745250772,2019-03-27 11:20
O317189000,2019-03-27 06:23
O892246712,2019-03-25 19:14
O397731189,2019-03-25 14:41
O617417355,2019-03-24 20:20
O388890618,2019-03-23 11:54
O514145969,2019-03-22 12:47
O219115615,2019-03-21 18:22
O660695624,2019-03-20 16:23
O483235914,2019-03-20 03:44
O041261980,2019-03-19 16:40
O716941915,2019-03-19 11:19
O095310742,2019-03-19 10:56
O766664390,2019-03-18 23:03
O827593866,2019-03-18 20:32
O530799449,2019-03-18 20:06
O424464675,2019-03-18 17:25
O686415864,2019-03-18 14:11
O024293408,2019-03-17 11:22
O761394884,2019-03-16 19:49
O190772083,2019-03-15 20:32
O603696750,2019-03-14 19:28
O099726133,2019-03-14 18:36
O673403116,2019-03-13 19:29
O657601632,2019-03-13 18:45
O858977083,2019-03-13 09:04
O009032882,2019-03-11 21:04
O192056688,2019-03-10 15:47
O450860062,2019-03-10 07:45
O522901503,2019-03-09 15:30
O809849103,2019-03-07 12:06
O975158600,2019-03-06 20:58
O124744339,2019-03-04 12:36
O029343024,2019-03-02 21:51
O822969129,2019-03-02 20:52
O909558535,2019-03-01 19:07
O020258288,2019-03-01 16:24
O477019116,2019-03-01 11:48
O657106098,2019-03-01 11:37
O291980318,2019-02-28 20:20
O647463060,2019-02-27 11:02
O994279631,2019-02-26 15:07
O172817503,2019-02-24 22:07
O969991868,2019-02-23 21:04
O327682054,2019-02-23 19:48
O562605822,2019-02-23 15:51
O588366192,2019-02-22 15:33
O381890669,2019-02-22 11:58
O786946436,2019-02-21 10:43
O941561221,2019-02-19 10:58
O955863015,2019-02-15 11:13
O405574573,2019-02-14 20:31
O252191534,2019-02-14 19:29
O381871178,2019-02-14 19:21
O666140244,2019-02-14 13:04
O464653778,2019-02-11 21:57
O134508533,2019-02-10 21:07
O191556811,2019-02-08 20:19
O191700065,2019-02-08 18:56
O761019823,2019-02-08 10:32
O902383150,2019-02-08 06:51
O200193677,2019-02-08 00:11
O295706269,2019-02-07 19:31
O746520291,2019-02-07 19:12
O685542272,2019-02-07 18:34
O054029969,2019-02-07 16:34
O252063252,2019-02-07 11:54
O781968692,2019-02-07 09:38
O165307257,2019-02-07 09:34
O143446256,2019-02-06 17:21
O186140825,2019-02-06 16:52
O501321456,2019-02-06 12:12
O117218081,2019-02-05 21:30
O770783720,2019-02-05 11:27
O624411101,2019-02-05 10:02
O208231922,2019-02-05 08:21
O023551257,2019-02-04 19:57
O627707985,2019-02-04 15:47
O234631148,2019-02-04 11:35
O083156057,2019-02-03 14:02
O422749891,2019-02-03 10:15
O276363776,2019-02-02 20:37
O986648023,2019-02-02 01:29
O569263157,2019-02-01 22:43
O765458163,2019-01-31 23:21
O219623896,2019-01-31 07:55
O111107837,2019-01-30 19:14
O888891722,2019-01-30 19:11
O382561866,2019-01-30 18:48
O627822499,2019-01-30 12:36
O751635671,2019-01-29 20:24
O347298604,2019-01-29 18:30
O807828600,2019-01-27 22:38
O604985085,2019-01-27 18:10
O041632299,2019-01-26 14:36
O957967242,2019-01-24 00:20
O107635499,2019-01-23 17:35
O826885622,2019-01-23 15:09
O730346216,2019-01-22 20:07
O146822339,2019-01-21 14:50
O107035065,2019-01-19 21:21
O447397620,2019-01-19 15:29
O749694128,2019-01-18 19:10
O558827064,2019-01-18 11:28
O641014143,2019-01-16 20:25
O179424225,2019-01-16 07:37
O169357217,2019-01-15 13:50
O621332836,2019-01-10 07:45
O641555219,2019-01-08 10:46
O561217302,2019-01-06 21:29
O686049413,2019-01-06 18:41
O307292612,2019-01-06 18:26
O140351424,2019-01-03 11:06
O843215460,2018-12-29 13:12
O045674310,2018-12-17 23:26
O910137599,2018-12-17 11:16
O355958958,2018-12-13 22:00
O571881180,2018-12-13 18:33
O589131497,2018-12-13 13:43
O201229105,2018-12-13 12:06
O371445992,2018-12-13 08:51
O203527808,2018-12-11 21:03
O503544567,2018-12-11 20:40
O143668264,2018-12-11 07:51
O184980763,2018-12-09 19:41
O883499106,2018-12-09 15:20
O055136860,2018-12-09 14:06
O891484238,2018-12-09 10:57
O495756065,2018-12-09 10:39
O165596889,2018-12-08 17:28
O809929441,2018-12-08 14:38
O365071903,2018-12-08 12:12
O988318195,2018-12-08 11:14
O471970497,2018-12-07 23:39
O830620150,2018-12-07 21:25
O869076964,2018-12-07 17:55
O806154877,2018-12-06 21:45
O449706437,2018-12-06 04:28
O526840457,2018-12-05 18:28
O311750207,2018-12-04 18:47
O264875770,2018-12-04 16:29
O182421509,2018-12-04 09:18
O955882362,2018-12-02 20:27
O754689195,2018-12-02 15:52
O074506902,2018-11-30 20:35
O393488348,2018-11-30 19:56
O865382036,2018-11-30 11:09
O222070066,2018-11-29 20:10
O313914154,2018-11-29 20:08
O856399462,2018-11-29 16:50
O358657416,2018-11-28 20:25
O683046838,2018-11-27 11:49
O832470561,2018-11-27 08:37
O467622215,2018-11-27 07:23
O113769730,2018-11-26 18:57
O716248622,2018-11-26 14:07
O378915517,2018-11-26 00:17
O622707792,2018-11-25 18:23
O757706482,2018-11-24 17:10
O547924347,2018-11-24 11:13
O941339247,2018-11-24 09:47
O460118584,2018-11-23 18:38
O764387495,2018-11-23 16:03
O489423045,2018-11-23 11:42
O000164271,2018-11-23 11:26
O201662995,2018-11-22 18:54
O312540937,2018-11-22 14:07
O177573029,2018-11-21 20:49
O995454725,2018-11-20 18:50
O568570838,2018-11-20 17:58
O307714028,2018-11-20 17:05
O058678869,2018-11-20 16:51
O201301555,2018-11-18 16:26
O668202102,2018-11-17 21:22
O191798887,2018-11-17 09:53
O771020204,2018-11-17 08:49
O037007166,2018-11-16 12:47
O145903087,2018-11-15 15:48
O985869247,2018-11-15 08:45
O862727652,2018-11-15 07:07
O260518718,2018-11-14 08:19
O174094276,2018-11-14 07:27
O997363608,2018-11-13 15:04
O080238835,2018-11-12 16:21
O540012563,2018-11-10 20:29
O061141078,2018-11-10 01:09
O192819433,2018-11-09 16:52
O483471329,2018-11-09 15:19
O641052485,2018-11-09 10:42
O929729038,2018-11-08 20:18
O062913929,2018-11-08 17:34
O649132889,2018-11-07 22:59
O241847717,2018-11-06 14:46
O976007400,2018-11-02 12:27
O463458064,2018-11-02 07:14
O681203966,2018-11-02 01:34
O795206420,2018-11-01 09:48
O076623159,2018-10-31 16:19
O404680625,2018-10-30 18:17
O946931732,2018-10-30 09:43
O741002367,2018-10-29 21:22
O662054659,2018-10-29 18:29
O293492029,2018-10-29 13:32
O286621099,2018-10-29 12:40
O412464631,2018-10-29 12:33
O302050909,2018-10-29 11:38
O394816136,2018-10-29 06:48
O366584578,2018-10-28 20:37
O072729582,2018-10-28 18:52
O479091212,2018-10-27 15:59
O910515611,2018-10-27 13:58
O932148392,2018-10-26 19:09
O624828213,2018-10-26 17:19
O051875406,2018-10-25 21:54
O409726028,2018-10-25 18:58
O969002357,2018-10-24 18:46
O341813701,2018-10-24 17:43
O482502627,2018-10-24 15:42
O758545702,2018-10-24 05:22
O573644749,2018-10-23 18:52
O750745997,2018-10-23 16:26
O169409685,2018-10-23 16:14
O294422349,2018-10-23 15:11
O252346227,2018-10-23 09:24
O015323751,2018-10-22 21:32
O261095279,2018-10-22 17:31
O386567702,2018-10-21 19:23
O329322339,2018-10-21 17:13
O445219458,2018-10-21 09:38
O230436055,2018-10-20 15:46
O675245102,2018-10-19 10:23
O456410985,2018-10-18 18:04
O177377464,2018-10-18 17:48
O466050081,2018-10-17 18:02
O094086112,2018-10-15 19:05
O033393316,2018-10-15 18:54
O138161701,2018-10-15 12:08
O525082675,2018-10-15 11:39
O002429688,2018-10-14 19:11
O474695866,2018-10-14 15:26
O319221119,2018-10-13 13:21
O456680006,2018-10-12 18:12
O782940516,2018-10-12 15:45
O437219442,2018-10-12 02:50
O779088918,2018-10-11 17:23
O816277919,2018-10-11 15:07
O647324038,2018-10-10 20:03
O448978971,2018-10-10 19:18
O613201464,2018-10-10 15:28
O650945602,2018-10-10 13:13
O074224893,2018-10-10 00:45
O908900584,2018-10-09 19:42
O447600487,2018-10-09 18:55
O617012065,2018-10-09 14:13
O392459768,2018-10-09 11:01
O516819096,2018-10-09 08:32
O778334469,2018-10-09 03:09
O309960602,2018-10-08 19:26
O619128815,2018-10-08 19:07
O695433094,2018-10-08 18:08
O113011339,2018-10-08 17:42
O485457508,2018-10-08 17:34
O965604844,2018-10-08 17:08
O947188923,2018-10-08 16:31
O183215985,2018-10-08 09:36
O985788980,2018-10-08 09:29
O307419550,2018-10-08 09:10
O325036549,2018-10-07 22:08
O318033655,2018-10-07 18:42
O943488179,2018-10-07 16:43
O850241215,2018-10-07 13:53
O190690671,2018-10-07 12:04
O137263164,2018-10-06 23:02
O341083833,2018-10-06 21:30
O251877423,2018-10-06 20:07
O866167050,2018-10-06 19:24
O200820813,2018-10-06 11:04
O585100473,2018-10-05 19:22
O571689688,2018-10-05 18:45
O901157556,2018-10-05 18:25
O246666249,2018-10-05 17:06
O027502632,2018-10-05 09:44
O681822705,2018-10-05 08:34
O388142368,2018-10-05 06:40
O907107460,2018-10-05 01:25
O777590959,2018-10-04 22:40
O244260315,2018-10-04 18:43
O908830361,2018-10-04 18:25
O243122625,2018-10-04 17:46
O874166371,2018-10-04 15:32
O408411227,2018-10-04 14:41
O744671333,2018-10-04 13:16
O249690764,2018-10-04 12:18
O632654546,2018-10-04 06:38
O984459983,2018-10-03 17:39
O575391047,2018-10-03 17:24
O869256964,2018-10-03 13:57
O294122146,2018-10-03 07:48
O769643538,2018-10-02 23:53
O069774029,2018-10-02 21:05
O157748103,2018-10-02 15:12
O401420626,2018-10-02 12:44
O870093697,2018-10-01 19:49
O184187396,2018-10-01 17:22
O049146033,2018-10-01 17:04
O272241927,2018-10-01 14:17
O262505065,2018-10-01 10:10
O656422387,2018-09-30 21:08
O622086243,2018-09-30 17:46
O329461924,2018-09-30 17:04
O853983005,2018-09-30 14:34
O387371477,2018-09-30 11:27
O542453679,2018-09-29 22:13
O099557863,2018-09-29 17:53
O215834260,2018-09-29 16:18
O977195857,2018-09-29 09:51
O598145833,2018-09-29 08:49
O762783147,2018-09-29 06:51
O882944156,2018-09-29 06:40
O425493006,2018-09-28 19:37
O580033565,2018-09-28 07:38
O955458590,2018-09-27 12:27
O083071417,2018-09-26 20:08
O171789664,2018-09-26 18:09
O972254946,2018-09-26 15:12
O347853880,2018-09-26 12:01
O914488523,2018-09-25 08:41
O151404864,2018-09-24 23:07
O453614690,2018-09-24 19:35
O605308841,2018-09-24 17:40
O405376091,2018-09-24 16:54
O039724556,2018-09-24 15:44
O396443045,2018-09-24 15:40
O790242986,2018-09-24 15:06
O520609496,2018-09-24 14:40
O600563954,2018-09-24 14:27
O942717401,2018-09-24 14:14
O473497173,2018-09-24 12:37
O682327756,2018-09-23 16:26
O541464772,2018-09-23 13:52
O524412513,2018-09-23 12:10
O454062873,2018-09-22 19:21
O010124503,2018-09-21 23:14
O541687600,2018-09-21 21:02
O240034712,2018-09-21 09:37
O475183182,2018-09-21 07:28
O994879314,2018-09-20 22:22
O017261010,2018-09-20 21:33
O422846240,2018-09-20 17:53
O656502323,2018-09-19 14:45
O468413923,2018-09-19 13:19
O100252662,2018-09-19 10:07
O580756811,2018-09-19 07:21
O522356174,2018-09-19 04:44
O294791647,2018-09-19 00:23
O040653651,2018-09-18 14:18
O043583321,2018-09-18 13:30
O451385593,2018-09-18 13:17
O164252682,2018-09-17 22:59
O712771637,2018-09-17 20:42
O662481016,2018-09-17 17:47
O303240841,2018-09-17 17:46
O475329682,2018-09-17 13:54
O090170341,2018-09-16 19:51
O620442694,2018-09-15 16:06
O888277095,2018-09-15 15:59
O766755561,2018-09-15 09:19
O957713843,2018-09-15 03:03
O681263175,2018-09-13 17:56
O713924913,2018-09-13 14:48
O260466242,2018-09-13 11:04
O520128742,2018-09-12 20:17
O197113112,2018-09-12 17:54
O452931133,2018-09-12 13:58
O149756405,2018-09-12 09:08
O311927070,2018-09-11 19:15
O524213765,2018-09-11 17:50
O336161232,2018-09-11 16:04
O891248264,2018-09-11 15:50
O249582274,2018-09-11 13:47
O985147440,2018-09-11 11:19
O701242727,2018-09-10 18:04
O969895112,2018-09-10 17:59
O146699622,2018-09-10 14:48
O695996867,2018-09-10 10:30
O866402833,2018-09-10 09:09
O313974543,2018-09-09 20:21
O807085907,2018-09-09 14:46
O722764845,2018-09-09 11:06
O563875231,2018-09-09 10:40
O756419149,2018-09-08 21:15
O489085737,2018-09-08 19:30
O659578129,2018-09-08 10:51
O116306198,2018-09-07 21:49
O179091831,2018-09-07 13:17
O827647517,2018-09-07 11:37
O101702913,2018-09-06 15:34
O302981455,2018-09-06 14:03
O489308106,2018-09-06 09:54
O028821976,2018-09-05 20:41
O687908026,2018-09-05 16:54
O544640302,2018-09-05 13:51
O567258231,2018-09-05 08:07
O621325960,2018-09-05 06:39
O827505487,2018-09-04 14:32
O572510838,2018-09-03 18:27
O779985287,2018-09-03 14:48
O374950021,2018-09-03 14:08
O374436402,2018-09-03 13:37
O189144973,2018-09-03 11:53
O304010443,2018-09-03 08:50
O353808349,2018-09-02 20:05
O082532662,2018-09-02 14:29
O332667228,2018-09-02 00:01
O378825526,2018-09-01 19:10
O699939411,2018-08-31 16:23
O609496700,2018-08-31 16:08
O515797287,2018-08-31 14:33
O620234643,2018-08-31 11:20
O889065300,2018-08-31 06:32
O482513166,2018-08-30 12:34
O415635077,2018-08-30 10:46
O690110086,2018-08-29 20:15
O033075032,2018-08-29 19:07
O002201070,2018-08-29 18:30
O454017815,2018-08-27 21:31
O572424477,2018-08-25 11:31
O504494195,2018-08-23 21:36
O809338996,2018-08-23 19:28
O686937962,2018-08-23 17:58
O260335286,2018-08-23 15:35
O579269351,2018-08-22 22:28
O332036972,2018-08-22 17:27
O008940219,2018-08-22 01:46
O094295163,2018-08-21 19:40
O501947612,2018-08-21 16:04
O691204494,2018-08-21 09:58
O996721474,2018-08-20 19:58
O111833427,2018-08-20 16:36
O113488400,2018-08-18 18:20
O201321858,2018-08-17 19:08
O345485776,2018-08-17 18:10
O413798680,2018-08-17 17:22
O274183589,2018-08-17 01:04
O436517564,2018-08-16 20:45
O868501282,2018-08-16 16:35
O556316548,2018-08-14 21:46
O461409484,2018-08-14 14:39
O496885711,2018-08-14 12:15
O151431720,2018-08-14 08:58
O046163332,2018-08-13 12:28
O362416258,2018-08-13 00:00
O113202831,2018-08-11 22:20
O139321357,2018-08-11 15:43
O826143711,2018-08-11 10:23
O293331826,2018-08-10 22:08
O061829876,2018-08-10 17:14
O270736172,2018-08-09 10:13
O676334352,2018-08-09 08:32
O416708845,2018-08-08 20:14
O642830792,2018-08-08 13:53
O455424468,2018-08-07 21:19
O363003277,2018-08-06 19:48
O643561965,2018-08-06 15:25
O263959030,2018-08-06 14:48
O877550866,2018-08-05 15:36
O769655076,2018-08-03 22:36
O811678449,2018-07-31 08:29
O850258075,2018-07-28 11:17
O953985594,2018-07-27 18:45
O565123609,2018-07-26 13:49
O998664166,2018-07-25 17:09
O620677811,2018-07-25 15:36
O767674553,2018-07-24 23:00
O452340176,2018-07-24 20:04
O258724125,2018-07-24 19:27
O174115910,2018-07-23 19:19
O634963672,2018-07-22 18:53
O258284086,2018-07-21 14:10
O356078428,2018-07-20 01:55
O893021891,2018-07-19 14:16
O296632899,2018-07-17 07:36
O290037602,2018-07-16 20:10
O028002518,2018-07-16 08:55
O207306943,2018-07-16 07:16
O322239734,2018-07-14 18:42
O789095942,2018-07-13 19:35
O734092590,2018-07-11 17:23
O429079299,2018-07-10 21:55
O475840677,2018-07-10 20:57
O778742682,2018-07-09 20:08
O971747994,2018-07-09 19:01
O279254429,2018-07-09 15:08
O262897554,2018-07-08 22:17
O122335843,2018-07-08 14:27
O615436081,2018-07-08 13:49
O585894291,2018-07-07 05:07
O523939841,2018-07-06 15:17
O782978271,2018-07-05 20:23
O842939734,2018-07-05 18:39
O941305986,2018-07-04 18:38
O953147213,2018-07-04 18:14
O426030568,2018-07-04 16:08
O175166354,2018-07-04 11:04
O967161297,2018-07-03 19:08
O508231851,2018-07-03 16:01
O330439660,2018-07-03 15:44
O371453682,2018-07-03 09:16
O153376763,2018-07-01 16:34
O593967897,2018-06-30 20:52
O376419150,2018-06-28 19:23
O390008696,2018-06-28 08:52
O324032104,2018-06-26 07:54
O219705064,2018-06-25 19:43
O388418635,2018-06-25 19:15
O750152016,2018-06-25 18:39
O145032788,2018-06-24 20:45
O996144407,2018-06-24 16:26
O872807075,2018-06-24 15:41
O514250093,2018-06-24 14:56
O107626833,2018-06-23 14:49
O887804229,2018-06-22 22:04
O143700249,2018-06-22 16:22
O884546850,2018-06-21 17:17
O963925670,2018-06-21 11:14
O893771084,2018-06-21 09:50
O440562711,2018-06-20 15:48
O203712715,2018-06-18 20:21
O633772423,2018-06-18 14:39
O640545595,2018-06-17 12:09
O168928161,2018-06-17 10:39
O274582136,2018-06-17 03:41
O894089777,2018-06-16 13:57
O664064827,2018-06-14 16:58
O811042283,2018-06-14 04:21
O656579677,2018-06-13 13:55
O962966626,2018-06-13 11:53
O629969878,2018-06-13 06:11
O633949624,2018-06-12 22:33
O089608371,2018-06-12 19:58
O219187227,2018-06-12 18:27
O833281754,2018-06-12 11:16
O729473564,2018-06-11 04:34
O883908011,2018-06-09 18:04
O422774509,2018-06-08 12:49
O981688291,2018-06-08 11:07
O096107075,2018-06-07 20:09
O256747861,2018-06-07 16:42
O208724762,2018-06-07 15:08
O007527214,2018-06-06 11:51
O958584751,2018-06-05 18:40
O368538115,2018-06-05 16:25
O288304294,2018-06-04 18:33
O379277242,2018-06-03 22:56
O122284867,2018-06-01 09:53
O395423662,2018-05-29 06:18
O395732664,2018-05-27 21:43
O694496550,2018-05-27 20:16
O532537667,2018-05-27 06:23
O679839654,2018-05-26 13:03
O532322352,2018-05-23 18:11
O946952898,2018-05-23 11:17
O718223460,2018-05-22 12:49
O529225886,2018-05-20 12:25
O271886778,2018-05-19 13:48
O268432996,2018-05-18 20:51
O458351019,2018-05-18 15:20
O836130084,2018-05-17 17:33
O175869454,2018-05-17 14:16
O395742051,2018-05-17 10:06
O073669275,2018-05-14 12:16
O345096851,2018-05-11 21:54
O364951993,2018-05-11 21:16
O619665180,2018-05-10 07:34
